,Varianta,Varianta proportionala,Varianta cumulata
F1,5.418521719503907,0.4168093630387621,0.4168093630387621
F2,3.1742874171081157,0.24417595516216276,0.6609853182009249
